{
    "Time (msec.)": 545.9730625152588,
    "Time (sec.)": 0.5459730625152588,
    "Found Answer": 11.0,
    "Best Known Answer": "11",
    "Reached Time Limit": false
}