{
    "Time (msec.)": 171.49662971496582,
    "Time (sec.)": 0.17149662971496582,
    "Found Answer": 11.0,
    "Best Known Answer": "11",
    "Reached Time Limit": false
}