{
    "Time (msec.)": 680.5598735809326,
    "Time (sec.)": 0.6805598735809326,
    "Found Answer": 9.0,
    "Best Known Answer": "9",
    "Reached Time Limit": false
}