{
    "Time (msec.)": 363.2237911224365,
    "Time (sec.)": 0.3632237911224365,
    "Found Answer": 11.0,
    "Best Known Answer": "11",
    "Reached Time Limit": false
}