{
    "Time (msec.)": 293.9002513885498,
    "Time (sec.)": 0.2939002513885498,
    "Found Answer": 10.0,
    "Best Known Answer": "10",
    "Reached Time Limit": false
}