{
    "Time (msec.)": 556.480884552002,
    "Time (sec.)": 0.556480884552002,
    "Found Answer": 73.0,
    "Best Known Answer": "73",
    "Reached Time Limit": false
}