{
    "Time (msec.)": 567.2345161437988,
    "Time (sec.)": 0.5672345161437988,
    "Found Answer": 31.0,
    "Best Known Answer": "31",
    "Reached Time Limit": false
}