{
    "Time (msec.)": 668.3950424194336,
    "Time (sec.)": 0.6683950424194336,
    "Found Answer": 42.0,
    "Best Known Answer": "42",
    "Reached Time Limit": false
}