{
    "Time (msec.)": 830.9028148651123,
    "Time (sec.)": 0.8309028148651123,
    "Found Answer": 8.0,
    "Best Known Answer": "8",
    "Reached Time Limit": false
}