{
    "Time (msec.)": 545.0243949890137,
    "Time (sec.)": 0.5450243949890137,
    "Found Answer": 20.0,
    "Best Known Answer": "20",
    "Reached Time Limit": false
}