{
    "Time (msec.)": 7205080.689430237,
    "Time (sec.)": 7205.080689430237,
    "Found Answer": 6.0,
    "Best Known Answer": "6",
    "Reached Time Limit": true
}