{
    "Time (msec.)": 159.19780731201172,
    "Time (sec.)": 0.15919780731201172,
    "Found Answer": 4.0,
    "Best Known Answer": "4",
    "Reached Time Limit": false
}