{
    "Time (msec.)": 127893.05090904236,
    "Time (sec.)": 127.89305090904236,
    "Found Answer": 5.0,
    "Best Known Answer": "5",
    "Reached Time Limit": false
}