{
    "Time (msec.)": 7205440.15622139,
    "Time (sec.)": 7205.44015622139,
    "Found Answer": 7.0,
    "Best Known Answer": "7",
    "Reached Time Limit": true
}