{
    "Time (msec.)": 5411.83876991272,
    "Time (sec.)": 5.41183876991272,
    "Found Answer": 9.0,
    "Best Known Answer": "9",
    "Reached Time Limit": false
}