{
    "Time (msec.)": 94.50697898864746,
    "Time (sec.)": 0.09450697898864746,
    "Found Answer": 6.999999999999999,
    "Best Known Answer": "7",
    "Reached Time Limit": false
}