{
    "Time (msec.)": 182.11102485656738,
    "Time (sec.)": 0.18211102485656738,
    "Found Answer": 7.0,
    "Best Known Answer": "7",
    "Reached Time Limit": false
}