{
    "Time (msec.)": 19.085407257080078,
    "Time (sec.)": 0.019085407257080078,
    "Found Answer": 5.0,
    "Best Known Answer": "5",
    "Reached Time Limit": false
}