{
    "Time (msec.)": 1295633.501291275,
    "Time (sec.)": 1295.633501291275,
    "Found Answer": 11.0,
    "Best Known Answer": "11",
    "Reached Time Limit": false
}