{
    "Time (msec.)": 2396.5744972229004,
    "Time (sec.)": 2.3965744972229004,
    "Found Answer": 12.0,
    "Best Known Answer": "12",
    "Reached Time Limit": false
}