{
    "Time (msec.)": 120960.69717407227,
    "Time (sec.)": 120.96069717407227,
    "Found Answer": 10.0,
    "Best Known Answer": "10",
    "Reached Time Limit": false
}