{
    "Time (msec.)": 102428.66802215576,
    "Time (sec.)": 102.42866802215576,
    "Found Answer": 12.0,
    "Best Known Answer": "12",
    "Reached Time Limit": false
}