{
    "Time (msec.)": 799.8075485229492,
    "Time (sec.)": 0.7998075485229492,
    "Found Answer": 11.0,
    "Best Known Answer": "11",
    "Reached Time Limit": false
}