{
    "Time (msec.)": 170.0129508972168,
    "Time (sec.)": 0.1700129508972168,
    "Found Answer": 11.0,
    "Best Known Answer": "11",
    "Reached Time Limit": false
}