{
    "Time (msec.)": 852.9016971588135,
    "Time (sec.)": 0.8529016971588135,
    "Found Answer": 9.0,
    "Best Known Answer": "9",
    "Reached Time Limit": false
}