{
    "Time (msec.)": 277.3630619049072,
    "Time (sec.)": 0.2773630619049072,
    "Found Answer": 11.0,
    "Best Known Answer": "11",
    "Reached Time Limit": false
}