{
    "Time (msec.)": 243.11327934265137,
    "Time (sec.)": 0.24311327934265137,
    "Found Answer": 10.0,
    "Best Known Answer": "10",
    "Reached Time Limit": false
}