{
    "Time (msec.)": 649.6613025665283,
    "Time (sec.)": 0.6496613025665283,
    "Found Answer": 31.0,
    "Best Known Answer": "31",
    "Reached Time Limit": false
}