{
    "Time (msec.)": 726.360559463501,
    "Time (sec.)": 0.726360559463501,
    "Found Answer": 8.0,
    "Best Known Answer": "8",
    "Reached Time Limit": false
}