{
    "Time (msec.)": 667.5825119018555,
    "Time (sec.)": 0.6675825119018555,
    "Found Answer": 20.0,
    "Best Known Answer": "20",
    "Reached Time Limit": false
}