{
    "Time (msec.)": 597.6088047027588,
    "Time (sec.)": 0.5976088047027588,
    "Found Answer": 73.0,
    "Best Known Answer": "73",
    "Reached Time Limit": false
}