{
    "Time (msec.)": 734.5151901245117,
    "Time (sec.)": 0.7345151901245117,
    "Found Answer": 42.0,
    "Best Known Answer": "42",
    "Reached Time Limit": false
}