{
    "Time (msec.)": 1151.7291069030762,
    "Time (sec.)": 1.1517291069030762,
    "Found Answer": 4.0,
    "Best Known Answer": "4",
    "Reached Time Limit": false
}