{
    "Time (msec.)": 83.4810733795166,
    "Time (sec.)": 0.0834810733795166,
    "Found Answer": 6.999999999999995,
    "Best Known Answer": "7",
    "Reached Time Limit": false
}