{
    "Time (msec.)": 522.057056427002,
    "Time (sec.)": 0.522057056427002,
    "Found Answer": 7.0,
    "Best Known Answer": "7",
    "Reached Time Limit": false
}