{
    "Time (msec.)": 3552.579641342163,
    "Time (sec.)": 3.552579641342163,
    "Found Answer": 9.0,
    "Best Known Answer": "9",
    "Reached Time Limit": false
}