{
    "Time (msec.)": 23.504257202148438,
    "Time (sec.)": 0.023504257202148438,
    "Found Answer": 5.0,
    "Best Known Answer": "5",
    "Reached Time Limit": false
}